{
  "version": 1,
  "author": "Uri Shaked",
  "editor": "wokwi",
  "parts": [
    { "type": "wokwi-breadboard-mini", "id": "bb1", "top": 469, "left": -136.8, "attrs": {} },
    { "type": "wokwi-arduino-mega", "id": "uno", "top": 200, "left": 20, "attrs": {} },
    {
      "type": "wokwi-membrane-keypad",
      "id": "keypad",
      "top": 111.01,
      "left": 561.84,
      "attrs": {
        "keys": [ "1", "2", "3", "A", "4", "5", "6", "B", "7", "8", "9", "C", ".", "0", "=", "D" ]
      }
    },
    { "type": "wokwi-lcd1602", "id": "lcd", "top": 8, "left": 20, "attrs": {} },
    { "type": "wokwi-resistor", "id": "r1", "top": 140, "left": 220, "attrs": { "value": "220" } },
    {
      "type": "wokwi-led",
      "id": "led2",
      "top": 429.43,
      "left": 142.69,
      "attrs": { "color": "green" }
    },
    { "type": "wokwi-led", "id": "led3", "top": 534, "left": 138.2, "attrs": { "color": "red" } },
    {
      "type": "wokwi-led",
      "id": "led1",
      "top": 610.8,
      "left": 138.2,
      "attrs": { "color": "cyan" }
    },
    {
      "type": "wokwi-buzzer",
      "id": "bz1",
      "top": 416.02,
      "left": -324.13,
      "attrs": { "volume": "0.1" }
    },
    { "type": "wokwi-potentiometer", "id": "pot1", "top": 326.16, "left": -83.02, "attrs": {} },
    {
      "type": "wokwi-dht22",
      "id": "dht1",
      "top": 591.33,
      "left": -231.12,
      "attrs": { "humidity": "78", "temperature": "53.8" }
    },
    {
      "type": "wokwi-photoresistor-sensor",
      "id": "ldr1",
      "top": 170.39,
      "left": -275.35,
      "attrs": {}
    },
    {
      "type": "wokwi-pushbutton",
      "id": "btn1",
      "top": 138.04,
      "left": 404.81,
      "attrs": { "color": "yellow", "key": "1" }
    }
  ],
  "connections": [
    [ "uno:GND.1", "lcd:VSS", "black", [ "v-51", "*", "h0", "v18" ] ],
    [ "uno:GND.1", "lcd:K", "black", [ "v-51", "*", "h0", "v18" ] ],
    [ "uno:GND.1", "lcd:RW", "black", [ "v-51", "*", "h0", "v18" ] ],
    [ "uno:5V", "lcd:VDD", "red", [ "v16", "h-16" ] ],
    [ "uno:5V", "r1:2", "red", [ "v16", "h-118", "v-244", "h50" ] ],
    [ "r1:1", "lcd:A", "pink", [] ],
    [ "uno:12", "lcd:RS", "blue", [ "v-16", "*", "h0", "v20" ] ],
    [ "uno:11", "lcd:E", "purple", [ "v-20", "*", "h0", "v20" ] ],
    [ "uno:10", "lcd:D4", "green", [ "v-24", "*", "h0", "v20" ] ],
    [ "uno:9", "lcd:D5", "brown", [ "v-28", "*", "h0", "v20" ] ],
    [ "uno:8", "lcd:D6", "gold", [ "v-32", "*", "h0", "v20" ] ],
    [ "uno:7", "lcd:D7", "gray", [ "v-36", "*", "h0", "v20" ] ],
    [ "uno:A3", "keypad:C1", "brown", [ "v76", "*", "h0", "v0" ] ],
    [ "uno:A2", "keypad:C2", "gray", [ "v80", "*", "h0", "v0" ] ],
    [ "uno:A1", "keypad:C3", "orange", [ "v84", "*", "h0", "v0" ] ],
    [ "uno:A0", "keypad:C4", "pink", [ "v88", "*", "h0", "v0" ] ],
    [ "uno:5", "keypad:R1", "blue", [ "v-34", "h96", "*", "v12" ] ],
    [ "uno:4", "keypad:R2", "green", [ "v-30", "h80", "*", "v16" ] ],
    [ "uno:3", "keypad:R3", "purple", [ "v-26", "h64", "*", "v20" ] ],
    [ "uno:2", "keypad:R4", "gold", [ "v-22", "h48", "*", "v24" ] ],
    [ "uno:A5", "led3:A", "red", [ "v213.17", "h-91.33", "v-35.09" ] ],
    [ "uno:GND.3", "bb1:17b.j", "black", [ "v339.51", "h-5.8" ] ],
    [ "uno:GND.2", "bb1:17t.a", "black", [ "v50.2", "h-168.28" ] ],
    [ "led2:C", "bb1:17t.b", "green", [ "v0" ] ],
    [ "led3:C", "bb1:17t.c", "red", [ "h-12.82", "v-76.8" ] ],
    [ "led1:C", "bb1:17t.d", "cyan", [ "v-1.39", "h-23.92", "v-141.17" ] ],
    [ "led1:A", "uno:A6", "cyan", [ "v-3.2", "h135" ] ],
    [ "uno:5V", "bb1:1t.a", "red", [ "v33.06", "h-307.08" ] ],
    [ "bz1:1", "bb1:17b.i", "black", [ "v0" ] ],
    [ "bz1:2", "uno:A14", "green", [ "v258.39", "h645.74" ] ],
    [ "pot1:GND", "bb1:17t.e", "black", [ "v0" ] ],
    [ "pot1:VCC", "bb1:1t.b", "red", [ "v16.77", "h-108.93", "v82.2" ] ],
    [ "pot1:SIG", "lcd:V0", "green", [ "v9.21", "h52.51", "v-230.82", "h65.47" ] ],
    [ "led2:A", "uno:A7", "green", [ "v28.62", "h125.98" ] ],
    [ "dht1:VCC", "bb1:1t.c", "red", [ "v-208.24", "h85.3", "v4.61" ] ],
    [ "dht1:GND", "bb1:17b.h", "black", [ "v-11.62", "h239.93", "v-149.74" ] ],
    [ "uno:A15", "dht1:SDA", "green", [ "v355.98", "h-583.11", "v-13.14" ] ],
    [ "ldr1:VCC", "bb1:1t.d", "red", [ "h-65.22", "v289.53" ] ],
    [ "ldr1:GND", "bb1:17b.g", "black", [ "h-91.81", "v322.96" ] ],
    [ "ldr1:AO", "uno:A10", "green", [ "h144.81", "v175.84", "h284.47" ] ],
    [ "btn1:2.l", "uno:GND.1", "limegreen", [ "h0" ] ],
    [ "btn1:1.r", "uno:6", "white", [ "v0" ] ]
  ],
  "dependencies": {}
}